Gender,Name,First Name,Last Name,Date of Birth,City,State,Country,Postcode,Country Code (nat),Phone,Email,Picture Large
male,Mr,Luukas,Leinonen,1946-10-25T00:25:23.884Z,Raahe,Northern Ostrobothnia,Finland,94164,FI,06-650-936,luukas.leinonen@example.com,https://randomuser.me/api/portraits/men/28.jpg
male,Mr,Henry,Jama,1969-06-30T22:31:01.094Z,Farsund,Hordaland,Norway,7443,NO,84205695,henry.jama@example.com,https://randomuser.me/api/portraits/men/14.jpg
male,Mr,Philippe,Park,1960-05-14T19:51:20.597Z,Clinton,Nunavut,Canada,M8T 6M7,CA,U56 Z02-9662,philippe.park@example.com,https://randomuser.me/api/portraits/men/47.jpg
male,Mr,Ricky,Watson,1998-08-13T21:55:58.482Z,Hartford,Nebraska,United States,61653,US,(781) 257-2253,ricky.watson@example.com,https://randomuser.me/api/portraits/men/68.jpg
male,Mr,Emilio,Villanueva,1956-05-06T02:40:36.692Z,Rodríguez Clara,Michoacan,Mexico,94952,MX,(648) 573 6665,emilio.villanueva@example.com,https://randomuser.me/api/portraits/men/99.jpg
male,Mr,Simon,Brar,1989-05-13T02:10:19.138Z,Delisle,Northwest Territories,Canada,A7C 4O7,CA,M64 X88-1680,simon.brar@example.com,https://randomuser.me/api/portraits/men/48.jpg
female,Miss,Oya,Alpuğan,1981-03-05T19:32:35.300Z,Rize,Batman,Turkey,43220,TR,(483)-125-6663,oya.alpugan@example.com,https://randomuser.me/api/portraits/women/65.jpg
male,Mr,Vedat,Aşıkoğlu,1987-12-17T08:00:57.737Z,Ardahan,Çanakkale,Turkey,50737,TR,(135)-539-5335,vedat.asikoglu@example.com,https://randomuser.me/api/portraits/men/37.jpg
female,Mrs,Osnaura,Pinto,1990-08-11T01:40:21.695Z,Tatuí,Pernambuco,Brazil,46387,BR,(37) 0783-5640,osnaura.pinto@example.com,https://randomuser.me/api/portraits/women/32.jpg
male,Mr,Clayton,Austin,1985-04-26T08:39:09.861Z,Wells,County Londonderry,United Kingdom,W1 2NH,GB,016977 2730,clayton.austin@example.com,https://randomuser.me/api/portraits/men/9.jpg
female,Miss,Lucy,Watson,1989-03-09T11:29:17.167Z,Stirling,Cleveland,United Kingdom,HR7 3AU,GB,016974 23980,lucy.watson@example.com,https://randomuser.me/api/portraits/women/42.jpg
male,Mr,Desimir,Popović,1951-10-25T22:08:38.501Z,Čoka,South Banat,Serbia,30547,RS,022-4941-154,desimir.popovic@example.com,https://randomuser.me/api/portraits/men/97.jpg
male,Mr,Babür,Tekelioğlu,1960-06-07T12:08:41.726Z,Gaziantep,Erzurum,Turkey,76085,TR,(900)-485-2410,babur.tekelioglu@example.com,https://randomuser.me/api/portraits/men/66.jpg
male,Mr,مهدي,کریمی,1956-06-28T20:28:41.179Z,پاکدشت,خراسان جنوبی,Iran,73374,IR,087-55365606,mhdy.khrymy@example.com,https://randomuser.me/api/portraits/men/95.jpg
female,Mrs,Gunhild,Henrichs,1961-11-23T11:29:23.459Z,Treuchtlingen,Berlin,Germany,84311,DE,0812-7669601,gunhild.henrichs@example.com,https://randomuser.me/api/portraits/women/46.jpg
male,Mr,Lenni,Laine,1973-01-29T16:04:35.025Z,Karvia,Åland,Finland,64123,FI,04-117-006,lenni.laine@example.com,https://randomuser.me/api/portraits/men/99.jpg
male,Mr,Budivoy,Tugan-Baranovskiy,1966-11-07T09:53:37.832Z,Sorokine,Odeska,Ukraine,74075,UA,(098) U06-2487,budivoy.tugan-baranovskiy@example.com,https://randomuser.me/api/portraits/men/49.jpg
male,Mr,Neotero,Campos,1960-02-14T22:11:46.091Z,Bacabal,Santa Catarina,Brazil,82849,BR,(30) 1704-5385,neotero.campos@example.com,https://randomuser.me/api/portraits/men/53.jpg
male,Mr,Ismael,Gutiérrez,1979-11-17T22:41:46.596Z,Las Palmas de Gran Canaria,Aragón,Spain,19109,ES,900-367-320,ismael.gutierrez@example.com,https://randomuser.me/api/portraits/men/36.jpg
female,Ms,Pihla,Pulkkinen,1944-10-15T22:56:29.834Z,Järvenpää,Northern Savonia,Finland,34335,FI,05-919-091,pihla.pulkkinen@example.com,https://randomuser.me/api/portraits/women/92.jpg
male,Mr,Vilho,Wainio,1966-08-11T21:43:48.807Z,Valkeakoski,Kymenlaakso,Finland,67875,FI,04-593-134,vilho.wainio@example.com,https://randomuser.me/api/portraits/men/9.jpg
male,Monsieur,Roy,Rousseau,1998-11-22T21:21:16.198Z,Schwyz,Zürich,Switzerland,2409,CH,077 183 18 97,roy.rousseau@example.com,https://randomuser.me/api/portraits/men/1.jpg
male,Mr,Prince,Bolding,1946-12-30T10:26:39.790Z,Nifterik,Zeeland,Netherlands,5069 RG,NL,(066) 2943652,prince.bolding@example.com,https://randomuser.me/api/portraits/men/53.jpg
female,Miss,Olivia,Armas,1952-06-13T19:50:17.086Z,San Luis de la Loma,Coahuila,Mexico,63044,MX,(637) 574 6820,olivia.armas@example.com,https://randomuser.me/api/portraits/women/91.jpg
male,Mr,Anand,Shenoy,1952-08-25T18:41:02.050Z,Nanded,Rajasthan,India,56919,IN,9695250820,anand.shenoy@example.com,https://randomuser.me/api/portraits/men/56.jpg
male,Monsieur,Jamie,Moulin,1997-03-31T06:07:12.814Z,Chigny,Genève,Switzerland,3748,CH,075 980 26 36,jamie.moulin@example.com,https://randomuser.me/api/portraits/men/26.jpg
male,Mr,Rogério,Duarte,1986-08-13T05:47:27.788Z,Balneário Camboriú,Amapá,Brazil,63595,BR,(88) 3788-0603,rogerio.duarte@example.com,https://randomuser.me/api/portraits/men/29.jpg
female,Mrs,Sarah,Roche,1990-06-24T04:12:30.944Z,Caen,Orne,France,44465,FR,03-97-07-20-08,sarah.roche@example.com,https://randomuser.me/api/portraits/women/84.jpg
female,Miss,Malusha,Celuyko,1969-11-28T12:02:21.504Z,Baturin,Lvivska,Ukraine,74290,UA,(066) U34-8191,malusha.celuyko@example.com,https://randomuser.me/api/portraits/women/54.jpg
male,Mr,Javier,Mireles,1970-09-06T08:49:09.373Z,Cuicatlán,Tamaulipas,Mexico,77329,MX,(686) 491 2090,javier.mireles@example.com,https://randomuser.me/api/portraits/men/67.jpg